year,fg_name,fg_name_norm,match_method,match_score,ibw_rank,ibw_name,ibw_name_norm,ibw_url
2025,Erick Mejia,erick mejia,none,0,,,,
2025,Jose Espada,jose espada,none,0,,,,
2025,Daniel Robert,daniel robert,none,0,,,,
2025,Justin Hagenman,justin hagenman,none,0,,,,
2025,Elvis Alvarado,elvis alvarado,none,0,,,,
2025,Juan Morillo,juan morillo,none,0,,,,
2025,Cole Winn,cole winn,none,0,,,,
2025,Sean Reynolds,sean reynolds,none,0,,,,
2025,Owen White,owen white,none,0,,,,
2025,Yoendrys Gomez,yoendrys gomez,none,0,,,,
2025,Carlos Vargas,carlos vargas,none,0,,,,
2025,Eduarniel Nunez,eduarniel nunez,none,0,,,,
2025,Michael Mercado,michael mercado,none,0,,,,
2025,Juan Mejia,juan mejia,none,0,,,,
2025,Joey Cantillo,joey cantillo,none,0,,,,
2025,Braxton Ashcraft,braxton ashcraft,none,0,,,,
2025,Omar Cruz,omar cruz,none,0,,,,
2025,Luis Peralta,luis peralta,none,0,,,,
2025,Luinder Avila,luinder avila,none,0,,,,
2025,Carlos Duran,carlos duran,none,0,,,,
2025,Carlos Duran,carlos duran,none,0,,,,
2025,Lyon Richardson,lyon richardson,none,0,,,,
2025,Jonathan Bowlan,jonathan bowlan,none,0,,,,
2025,Luis Curvelo,luis curvelo,none,0,,,,
2025,Mike Burrows,mike burrows,none,0,,,,
2025,Erik Sabrowski,erik sabrowski,none,0,,,,
2025,Jacob Lopez,jacob lopez,none,0,,,,
2025,Brady Basso,brady basso,none,0,,,,
2025,Luis Mey,luis mey,none,0,,,,
2025,Cole Waites,cole waites,none,0,,,,
2025,Zak Kent,zak kent,none,0,,,,
2025,Connor Thomas,connor thomas,none,0,,,,
2025,Seth Johnson,seth johnson,none,0,,,,
2025,Tyler Owens,tyler owens,none,0,,,,
2025,Anthony Maldonado,anthony maldonado,none,0,,,,
2025,Sawyer Gipson-Long,sawyer gipson-long,none,0,,,,
2025,Kade Strowd,kade strowd,none,0,,,,
2025,Andrew Saalfrank,andrew saalfrank,none,0,,,,
2025,Caleb Kilian,caleb kilian,none,0,,,,
2025,Jackson Rutledge,jackson rutledge,none,0,,,,
2025,Orlando Ribalta,orlando ribalta,none,0,,,,
2025,Blake Walston,blake walston,none,0,,,,
2025,Marc Church,marc church,none,0,,,,
2025,Bradley Blalock,bradley blalock,none,0,,,,
2025,Sam Aldegheri,sam aldegheri,none,0,,,,
2025,Trevor McDonald,trevor mcdonald,none,0,,,,
2025,Wikelman Gonzalez,wikelman gonzalez,none,0,,,,
2025,Jairo Iriarte,jairo iriarte,none,0,,,,
2025,Edgardo Henriquez,edgardo henriquez,none,0,,,,
2025,Rolddy Munoz,rolddy munoz,none,0,,,,
2025,Cade Cavalli,cade cavalli,none,0,,,,
2025,Clayton Beeter,clayton beeter,none,0,,,,
2025,Carson Ragsdale,carson ragsdale,none,0,,,,
2025,Kyle Hurt,kyle hurt,none,0,,,,
2025,Cole Henry,cole henry,none,0,,,,
2025,Jake Eder,jake eder,none,0,,,,
2025,Eric Orze,eric orze,none,0,,,,
2025,Connor Phillips,connor phillips,none,0,,,,
2025,Justin Sterner,justin sterner,none,0,,,,
2025,Mick Abel,mick abel,none,0,,,,
2025,Yosver Zulueta,yosver zulueta,none,0,,,,
2025,Zach Brzykcy,zach brzykcy,none,0,,,,
2025,Brandon Young,brandon young,none,0,,,,
2025,J.T. Ginn,j.t. ginn,none,0,,,,
2025,Noah Murdock,noah murdock,none,0,,,,
2025,Ian Seymour,ian seymour,none,0,,,,
2025,Andry Lara,andry lara,none,0,,,,
2025,Cristian Mena,cristian mena,none,0,,,,
2025,Jose Corniell,jose corniell,none,0,,,,
2025,Bradgley Rodriguez,bradgley rodriguez,none,0,,,,
2025,Yilber Diaz,yilber diaz,none,0,,,,
2025,Gordon Graceffo,gordon graceffo,none,0,,,,
2025,Andre Granillo,andre granillo,none,0,,,,
2025,Patrick Monteverde,patrick monteverde,none,0,,,,
2025,Chase Lee,chase lee,none,0,,,,
2025,Matt Svanson,matt svanson,none,0,,,,
2025,Andrew Hoffmann,andrew hoffmann,none,0,,,,
2025,Mason Montgomery,mason montgomery,none,0,,,,
2025,Robert Gasser,robert gasser,none,0,,,,
2025,Nick Nastrini,nick nastrini,none,0,,,,
2025,Ryan Bergert,ryan bergert,none,0,,,,
2025,Chayce McDermott,chayce mcdermott,none,0,,,,
2025,Bubba Chandler,bubba chandler,none,0,,,,
2025,Michael McGreevy,michael mcgreevy,none,0,,,,
2025,Sean Burke,sean burke,none,0,,,,
2025,Dylan Dodd,dylan dodd,none,0,,,,
2025,AJ Smith-Shawver,aj smith-shawver,none,0,,,,
2025,Grant Holman,grant holman,none,0,,,,
2025,Joe Rock,joe rock,none,0,,,,
2025,Carson Seymour,carson seymour,none,0,,,,
2025,Ben Casparius,ben casparius,none,0,,,,
2025,Mike Vasil,mike vasil,none,0,,,,
2025,Jack Neely,jack neely,none,0,,,,
2025,Chad Patrick,chad patrick,none,0,,,,
2025,Ty Madden,ty madden,none,0,,,,
2025,Doug Nikhazy,doug nikhazy,none,0,,,,
2025,Dylan Smith,dylan smith,none,0,,,,
2025,Jack Leiter,jack leiter,none,0,,,,
2025,Dom Hamel,dom hamel,none,0,,,,
2025,Richard Fitts,richard fitts,none,0,,,,
2025,Carlos Rodriguez,carlos rodriguez,none,0,,,,
2025,Carlos Rodriguez,carlos rodriguez,none,0,,,,
2025,Carlos Rodriguez,carlos rodriguez,none,0,,,,
2025,Carlos Rodriguez,carlos rodriguez,none,0,,,,
2025,Chase Petty,chase petty,none,0,,,,
2025,Mason Black,mason black,none,0,,,,
2025,Pierson Ohl,pierson ohl,none,0,,,,
2025,Travis Adams,travis adams,none,0,,,,
2025,Will Warren,will warren,none,0,,,,
2025,Noah Cameron,noah cameron,none,0,,,,
2025,Jackson Jobe,jackson jobe,none,0,,,,
2025,Hunter Dobbins,hunter dobbins,none,0,,,,
2025,Jack Dreyer,jack dreyer,none,0,,,,
2025,Jaden Hill,jaden hill,none,0,,,,
2025,Didier Fuentes,didier fuentes,none,0,,,,
2025,Luis Guerrero,luis guerrero,none,0,,,,
2025,Justin Wrobleski,justin wrobleski,none,0,,,,
2025,Colton Gordon,colton gordon,none,0,,,,
2025,Gunnar Hoglund,gunnar hoglund,none,0,,,,
2025,Jack Perkins,jack perkins,none,0,,,,
2025,Logan Henderson,logan henderson,none,0,,,,
2025,Michael Darrell-Hicks,michael darrell-hicks,none,0,,,,
2025,Caden Dana,caden dana,none,0,,,,
2025,Zach Agnos,zach agnos,none,0,,,,
2025,Mason Fluharty,mason fluharty,none,0,,,,
2025,Paul Gervase,paul gervase,none,0,,,,
2025,Zach Maxwell,zach maxwell,none,0,,,,
2025,Carson Palmquist,carson palmquist,none,0,,,,
2025,David Morgan,david morgan,none,0,,,,
2025,Jacob Misiorowski,jacob misiorowski,none,0,,,,
2025,Carson Whisenhunt,carson whisenhunt,none,0,,,,
2025,Shane Smith,shane smith,none,0,,,,
2025,Blade Tidwell,blade tidwell,none,0,,,,
2025,Mason Barnett,mason barnett,none,0,,,,
2025,Garrett McDaniels,garrett mcdaniels,none,0,,,,
2025,AJ Blubaugh,aj blubaugh,none,0,,,,
2025,Troy Melton,troy melton,none,0,,,,
2025,Cade Gibson,cade gibson,none,0,,,,
2025,Kumar Rocker,kumar rocker,none,0,,,,
2025,Cade Horton,cade horton,none,0,,,,
2025,Adam Mazur,adam mazur,none,0,,,,
2025,Brad Lord,brad lord,none,0,,,,
2025,Parker Messick,parker messick,none,0,,,,
2025,Thomas Harrington,thomas harrington,none,0,,,,
2025,Cam Schlittler,cam schlittler,none,0,,,,
2025,Jonah Tong,jonah tong,none,0,,,,
2025,Luis Morales,luis morales,none,0,,,,
2025,Jake Bloss,jake bloss,none,0,,,,
2025,Hunter Barco,hunter barco,none,0,,,,
2025,Craig Yoho,craig yoho,none,0,,,,
2025,Seth Halvorsen,seth halvorsen,none,0,,,,
2025,Chase Dollander,chase dollander,none,0,,,,
2025,Hurston Waldrep,hurston waldrep,none,0,,,,
2025,Brandyn Garcia,brandyn garcia,none,0,,,,
2025,Mitch Farris,mitch farris,none,0,,,,
2025,Connelly Early,connelly early,none,0,,,,
2025,Logan Evans,logan evans,none,0,,,,
2025,Nolan McLean,nolan mclean,none,0,,,,
2025,Andrew Walters,andrew walters,none,0,,,,
2025,Brandon Sproat,brandon sproat,none,0,,,,
2025,Rhett Lowder,rhett lowder,none,0,,,,
2025,Jose Fermin,jose fermin,none,0,,,,
2025,Grant Taylor,grant taylor,none,0,,,,
2025,Jonathan Pintaro,jonathan pintaro,none,0,,,,
2025,Roki Sasaki,roki sasaki,none,0,,,,
2025,Ryan Johnson,ryan johnson,none,0,,,,
2025,Chase Burns,chase burns,none,0,,,,
2025,Trey Yesavage,trey yesavage,none,0,,,,
2025,Payton Tolle,payton tolle,none,0,,,,
2025,Gerald Ogando,gerald ogando,none,0,,,,
2025,Dalvin Rosario,dalvin rosario,none,0,,,,
2025,Jorge Juan,jorge juan,none,0,,,,
2025,Steven Perez,steven perez,none,0,,,,
2025,Jose Franco,jose franco,none,0,,,,
2025,Royber Salinas,royber salinas,none,0,,,,
2025,Hancel Rincon,hancel rincon,none,0,,,,
2025,Listher Sosa,listher sosa,none,0,,,,
2025,Edgar Isea,edgar isea,none,0,,,,
2025,Luis Velasquez,luis velasquez,none,0,,,,
2025,Anthony Nunez,anthony nunez,none,0,,,,
2025,Adam Macko,adam macko,none,0,,,,
2025,Yosber Sanchez,yosber sanchez,none,0,,,,
2025,Gabriel Sosa,gabriel sosa,none,0,,,,
2025,Sem Robberse,sem robberse,none,0,,,,
2025,Gavin Collyer,gavin collyer,none,0,,,,
2025,Ben Peoples,ben peoples,none,0,,,,
2025,Shane Drohan,shane drohan,none,0,,,,
2025,Nick Frasso,nick frasso,none,0,,,,
2025,Tekoah Roby,tekoah roby,none,0,,,,
2025,Dax Fulton,dax fulton,none,0,,,,
2025,Marco Raya,marco raya,none,0,,,,
2025,Luis Perales,luis perales,none,0,,,,
2025,Alex Santos II,alex santos ii,none,0,,,,
2025,Stevie Emanuels,stevie emanuels,none,0,,,,
2025,Po-Yu Chen,po-yu chen,none,0,,,,
2025,Tink Hence,tink hence,none,0,,,,
2025,Braxton Roxby,braxton roxby,none,0,,,,
2025,Carson Coleman,carson coleman,none,0,,,,
2025,Evan Reifert,evan reifert,none,0,,,,
2025,Kyle Brnovich,kyle brnovich,none,0,,,,
2025,Jack Dashwood,jack dashwood,none,0,,,,
2025,Jose Davila,jose davila,none,0,,,,
2025,Coleman Crow,coleman crow,none,0,,,,
2025,Alejandro Hidalgo,alejandro hidalgo,none,0,,,,
2025,Emiliano Teodo,emiliano teodo,none,0,,,,
2025,Victor Lizarraga,victor lizarraga,none,0,,,,
2025,Wilmer Flores,wilmer flores,none,0,,,,
2025,Brandan Bidois,brandan bidois,none,0,,,,
2025,Josh Stephan,josh stephan,none,0,,,,
2025,Elison Joseph,elison joseph,none,0,,,,
2025,Jose Acuna,jose acuna,none,0,,,,
2025,Aidan Curry,aidan curry,none,0,,,,
2025,Moises Chace,moises chace,none,0,,,,
2025,Yerlin Rodriguez,yerlin rodriguez,none,0,,,,
2025,Adrian Rodriguez,adrian rodriguez,none,0,,,,
2025,Adrian Rodriguez,adrian rodriguez,none,0,,,,
2025,Adrian Rodriguez,adrian rodriguez,none,0,,,,
2025,Eiberson Castellano,eiberson castellano,none,0,,,,
2025,Jean Cabrera,jean cabrera,none,0,,,,
2025,Jose Rodriguez,jose rodriguez,none,0,,,,
2025,Jose Rodriguez,jose rodriguez,none,0,,,,
2025,Jose Rodriguez,jose rodriguez,none,0,,,,
2025,Yoniel Curet,yoniel curet,none,0,,,,
2025,Juan Nunez,juan nunez,none,0,,,,
2025,Juan Nunez,juan nunez,none,0,,,,
2025,Yordanny Monegro,yordanny monegro,none,0,,,,
2025,Alimber Santa,alimber santa,none,0,,,,
2025,Joel Diaz,joel diaz,none,0,,,,
2025,Yaqui Rivera,yaqui rivera,none,0,,,,
2025,Miguel Mendez,miguel mendez,none,0,,,,
2025,Yorman Gomez,yorman gomez,none,0,,,,
2025,Winston Santos,winston santos,none,0,,,,
2025,Alexander Alberto,alexander alberto,none,0,,,,
2025,Randel Clemente,randel clemente,none,0,,,,
2025,Gerelmi Maldonado,gerelmi maldonado,none,0,,,,
2025,Jordy Vargas,jordy vargas,none,0,,,,
2025,Ricardo Yan,ricardo yan,none,0,,,,
2025,Welinton Herrera,welinton herrera,none,0,,,,
2025,Felipe De La Cruz,felipe de la cruz,none,0,,,,
2025,Henry Lalane,henry lalane,none,0,,,,
2025,Jaydenn  Estanista,jaydenn estanista,none,0,,,,
2025,Jedixson Paez,jedixson paez,none,0,,,,
2025,Jose Olivares,jose olivares,none,0,,,,
2025,Keythel Key,keythel key,none,0,,,,
2025,Yendy Gomez,yendy gomez,none,0,,,,
2025,Jarold Rosado,jarold rosado,none,0,,,,
2025,Miguel Ullola,miguel ullola,none,0,,,,
2025,Felix Arronde,felix arronde,none,0,,,,
2025,Luis Serna,luis serna,none,0,,,,
2025,Henry Baez,henry baez,none,0,,,,
2025,Jhoniel Serrano,jhoniel serrano,none,0,,,,
2025,Kendry Rojas,kendry rojas,none,0,,,,
2025,Andrew Moore,andrew moore,none,0,,,,
2025,Douglas Orellana,douglas orellana,none,0,,,,
2025,Gabriel Reyes,gabriel reyes,none,0,,,,
2025,Luis Alvarez,luis alvarez,none,0,,,,
2025,Ismael Agreda,ismael agreda,none,0,,,,
2025,Michael Arias,michael arias,none,0,,,,
2025,Austin Vernon,austin vernon,none,0,,,,
2025,Tyson Guerrero,tyson guerrero,none,0,,,,
2025,Andrew Baker,andrew baker,none,0,,,,
2025,Luis R. Rodriguez,luis r. rodriguez,none,0,,,,
2025,Logan Workman,logan workman,none,0,,,,
2025,Ryan Cusick,ryan cusick,none,0,,,,
2025,Tanner McDougal,tanner mcdougal,none,0,,,,
2025,Alex Pham,alex pham,none,0,,,,
2025,Riley Martin,riley martin,none,0,,,,
2025,Austin Love,austin love,none,0,,,,
2025,Tyler Uberstine,tyler uberstine,none,0,,,,
2025,Raimon Gomez,raimon gomez,none,0,,,,
2025,Mitch Bratt,mitch bratt,none,0,,,,
2025,Ronan Kopp,ronan kopp,none,0,,,,
2025,Michael Morales,michael morales,none,0,,,,
2025,RJ Petit,rj petit,none,0,,,,
2025,Will Dion,will dion,none,0,,,,
2025,Zac Leigh,zac leigh,none,0,,,,
2025,Kevin Abel,kevin abel,none,0,,,,
2025,Andrew Painter,andrew painter,none,0,,,,
2025,Eric Cerantola,eric cerantola,none,0,,,,
2025,Peter Heubeck,peter heubeck,none,0,,,,
2025,Brock Selvidge,brock selvidge,none,0,,,,
2025,Tyler Mattison,tyler mattison,none,0,,,,
2025,Franco Aleman,franco aleman,none,0,,,,
2025,Robby Ahlstrom,robby ahlstrom,none,0,,,,
2025,Frank Mozzicato,frank mozzicato,none,0,,,,
2025,Jack Hartman,jack hartman,none,0,,,,
2025,Ben Kudrna,ben kudrna,none,0,,,,
2025,Shane Panzini,shane panzini,none,0,,,,
2025,Anthony Solometo,anthony solometo,none,0,,,,
2025,Walbert Urena,walbert urena,none,0,,,,
2025,Reynaldo Yean,reynaldo yean,none,0,,,,
2025,Kendeglys Virguez,kendeglys virguez,none,0,,,,
2025,Yunior Marte,yunior marte,none,0,,,,
2025,Yunior Marte,yunior marte,none,0,,,,
2025,Joseph Montalvo,joseph montalvo,none,0,,,,
2025,Jarlin Susana,jarlin susana,none,0,,,,
2025,Fernando Perez,fernando perez,none,0,,,,
2025,Jose Chirinos,jose chirinos,none,0,,,,
2025,Christian Zazueta,christian zazueta,none,0,,,,
2025,Richard Fernandez,richard fernandez,none,0,,,,
2025,Juan Amarante,juan amarante,none,0,,,,
2025,Aldrin Batista,aldrin batista,none,0,,,,
2025,Enrique Segura,enrique segura,none,0,,,,
2025,Hansel Rosario,hansel rosario,none,0,,,,
2025,Jose Fleury,jose fleury,none,0,,,,
2025,Wellington Aracena,wellington aracena,none,0,,,,
2025,Leonel Sequera,leonel sequera,none,0,,,,
2025,Sean Paul Linan,sean paul linan,none,0,,,,
2025,Yu-Min Lin,yu-min lin,none,0,,,,
2025,Luis De Leon,luis de leon,none,0,,,,
2025,Luis De Leon,luis de leon,none,0,,,,
2025,Luis De Leon,luis de leon,none,0,,,,
2025,Jhancarlos  Lara,jhancarlos lara,none,0,,,,
2025,Francis Pena,francis pena,none,0,,,,
2025,Santiago Suarez,santiago suarez,none,0,,,,
2025,Carlos Lagrange,carlos lagrange,none,0,,,,
2025,Wilmy Sanchez,wilmy sanchez,none,0,,,,
2025,Elmer Rodriguez-Cruz,elmer rodriguez-cruz,none,0,,,,
2025,Franyer Herrera,franyer herrera,none,0,,,,
2025,Carlos Espinosa,carlos espinosa,none,0,,,,
2025,Yeri Perez,yeri perez,none,0,,,,
2025,Liomar Martinez,liomar martinez,none,0,,,,
2025,Juan Bello,juan bello,none,0,,,,
2025,Jogly Garcia,jogly garcia,none,0,,,,
2025,Yordy Herrera,yordy herrera,none,0,,,,
2025,Ovis Portes,ovis portes,none,0,,,,
2025,Joel Hurtado,joel hurtado,none,0,,,,
2025,Anders Tolhurst,anders tolhurst,none,0,,,,
2025,Dale Stanavich,dale stanavich,none,0,,,,
2025,Josh White,josh white,none,0,,,,
2025,Jacob Miller,jacob miller,none,0,,,,
2025,Jacob Miller,jacob miller,none,0,,,,
2025,Liam Simon,liam simon,none,0,,,,
2025,Tyler Stuart,tyler stuart,none,0,,,,
2025,Marquis Grissom Jr.,marquis grissom jr.,none,0,,,,
2025,Cy Nielson,cy nielson,none,0,,,,
2025,Marcus Johnson,marcus johnson,none,0,,,,
2025,Wilian Bormie,wilian bormie,none,0,,,,
2025,Owen Murphy,owen murphy,none,0,,,,
2025,Braden Nett,braden nett,none,0,,,,
2025,Blake Burkhalter,blake burkhalter,none,0,,,,
2025,Mason Adams,mason adams,none,0,,,,
2025,Dylan Ray,dylan ray,none,0,,,,
2025,JR Ritchie,jr ritchie,none,0,,,,
2025,Chris Campos,chris campos,none,0,,,,
2025,Spencer Giesting,spencer giesting,none,0,,,,
2025,Jack Choate,jack choate,none,0,,,,
2025,Jake Miller,jake miller,none,0,,,,
2025,Jake Miller,jake miller,none,0,,,,
2025,David Davalillo,david davalillo,none,0,,,,
2025,Dalton Rogers,dalton rogers,none,0,,,,
2025,Michael Prosecky,michael prosecky,none,0,,,,
2025,William Kempner,william kempner,none,0,,,,
2025,Cameron Weston,cameron weston,none,0,,,,
2025,Trace Bright,trace bright,none,0,,,,
2025,C.J. Culpepper,c.j. culpepper,none,0,,,,
2025,Andrew Morris,andrew morris,none,0,,,,
2025,Eric Adler,eric adler,none,0,,,,
2025,David Sandlin,david sandlin,none,0,,,,
2025,Trevor Martin,trevor martin,none,0,,,,
2025,Kenya Huggins,kenya huggins,none,0,,,,
2025,Eric Reyzelman,eric reyzelman,none,0,,,,
2025,Adam Serwinowski,adam serwinowski,none,0,,,,
2025,Alex McFarlane,alex mcfarlane,none,0,,,,
2025,Ryan Jennings,ryan jennings,none,0,,,,
2025,Karson Milbrandt,karson milbrandt,none,0,,,,
2025,Gabriel Hughes,gabriel hughes,none,0,,,,
2025,Dylan Lesko,dylan lesko,none,0,,,,
2025,Brandon Barriera,brandon barriera,none,0,,,,
2025,Lucas Wepf,lucas wepf,none,0,,,,
2025,Robby Snelling,robby snelling,none,0,,,,
2025,Brycen Mautz,brycen mautz,none,0,,,,
2025,Tyler Schweitzer,tyler schweitzer,none,0,,,,
2025,Cooper Hjerpe,cooper hjerpe,none,0,,,,
2025,Jake Bennett,jake bennett,none,0,,,,
2025,Marques Johnson,marques johnson,none,0,,,,
2025,Peyton Pallette,peyton pallette,none,0,,,,
2025,Max Rajcic,max rajcic,none,0,,,,
2025,Cole Paplham,cole paplham,none,0,,,,
2025,Brandon Birdsell,brandon birdsell,none,0,,,,
2025,Pete Hansen,pete hansen,none,0,,,,
2025,Connor Prielipp,connor prielipp,none,0,,,,
2025,Riley Cornelio,riley cornelio,none,0,,,,
2025,Connor Noland,connor noland,none,0,,,,
2025,Alex Hoppe,alex hoppe,none,0,,,,
2025,Dominic Perachi,dominic perachi,none,0,,,,
2025,Jared Karros,jared karros,none,0,,,,
2025,Samy Natera Jr.,samy natera jr.,none,0,,,,
2025,Isaiah Lowe,isaiah lowe,none,0,,,,
2025,Austin Peterson,austin peterson,none,0,,,,
2025,Payton Martin,payton martin,none,0,,,,
2025,Michael Knorr,michael knorr,none,0,,,,
2025,Andrew Taylor,andrew taylor,none,0,,,,
2025,Steven Zobac,steven zobac,none,0,,,,
2025,Jagger Haynes,jagger haynes,none,0,,,,
2025,Marcelo Perez,marcelo perez,none,0,,,,
2025,Jackson Ferris,jackson ferris,none,0,,,,
2025,Henry Williams,henry williams,none,0,,,,
2025,Darren Bowen,darren bowen,none,0,,,,
2025,Noah Schultz,noah schultz,none,0,,,,
2025,Luis Gastelum,luis gastelum,none,0,,,,
2025,Gary Gill Hill,gary gill hill,fuzzy,90,185,Gary Gill Hill &#8211; TBR,gary gill hill tbr,https://www.imaginarybrickwall.com/top-500-mlb-prospects-rankings-for-2025-fantasy-baseball-dynasty-leagues/
2025,Yereny Teus,yereny teus,none,0,,,,
2025,Luis Carias,luis carias,none,0,,,,
2025,Samuel Sanchez,samuel sanchez,none,0,,,,
2025,Francis Texido,francis texido,none,0,,,,
2025,Sandy Ozuna,sandy ozuna,none,0,,,,
2025,Yeferson Vargas,yeferson vargas,none,0,,,,
2025,Yunior Tur,yunior tur,none,0,,,,
2025,Janero Miller,janero miller,none,0,,,,
2025,Jackson Lancaster,jackson lancaster,none,0,,,,
2025,Mavis Graves,mavis graves,none,0,,,,
2025,Adrian  Bohorquez,adrian bohorquez,none,0,,,,
2025,Yordin Chalas,yordin chalas,none,0,,,,
2025,Luis Arestigueta,luis arestigueta,none,0,,,,
2025,Jose Bello,jose bello,none,0,,,,
2025,Kelvis Salcedo,kelvis salcedo,none,0,,,,
2025,Marlon Nieves,marlon nieves,none,0,,,,
2025,Juan Valera,juan valera,none,0,,,,
2025,Kohl Drake,kohl drake,none,0,,,,
2025,Michael Kennedy,michael kennedy,none,0,,,,
2025,Jackson  Humphries,jackson humphries,none,0,,,,
2025,Jeter Martinez,jeter martinez,none,0,,,,
2025,David Matoma,david matoma,none,0,,,,
2025,Keyner Benitez,keyner benitez,none,0,,,,
2025,Jacob Wosinski,jacob wosinski,none,0,,,,
2025,Ubaldo Soto,ubaldo soto,none,0,,,,
2025,Jose Vasquez,jose vasquez,none,0,,,,
2025,Brayan Narvaez,brayan narvaez,none,0,,,,
2025,Yohanfer Santana,yohanfer santana,none,0,,,,
2025,Michael Valverde,michael valverde,none,0,,,,
2025,Kyle Bischoff,kyle bischoff,none,0,,,,
2025,Jose Urbina,jose urbina,none,0,,,,
2025,Jose Urbina,jose urbina,none,0,,,,
2025,Ashton Izzi,ashton izzi,none,0,,,,
2025,Tanner Kohlhepp,tanner kohlhepp,none,0,,,,
2025,Keeler Morfe,keeler morfe,none,0,,,,
2025,Kolton Curtis,kolton curtis,none,0,,,,
2025,Trent Harris,trent harris,none,0,,,,
2025,Paul Bonzagni,paul bonzagni,none,0,,,,
2025,Camden Minacci,camden minacci,none,0,,,,
2025,Hayden Durke,hayden durke,none,0,,,,
2025,Roman Angelo,roman angelo,none,0,,,,
2025,Skylar Hales,skylar hales,none,0,,,,
2025,Ryan Lobus,ryan lobus,none,0,,,,
2025,Carlson Reed,carlson reed,none,0,,,,
2025,Colby Langford,colby langford,none,0,,,,
2025,Sheng-En  Lin,sheng-en lin,none,0,,,,
2025,Carson Jacobs,carson jacobs,none,0,,,,
2025,Chen-Wei Lin,chen-wei lin,none,0,,,,
2025,Jacob Odle,jacob odle,none,0,,,,
2025,Kyle Amendt,kyle amendt,none,0,,,,
2025,Matt Jachec,matt jachec,none,0,,,,
2025,K.C. Hunt,k.c. hunt,none,0,,,,
2025,Bo Bonds,bo bonds,none,0,,,,
2025,Will Johnston,will johnston,none,0,,,,
2025,Noble Meyer,noble meyer,none,0,,,,
2025,Seth Keener,seth keener,none,0,,,,
2025,Christian Oppor,christian oppor,none,0,,,,
2025,Ixan Henderson,ixan henderson,none,0,,,,
2025,Lucas Braun,lucas braun,none,0,,,,
2025,Ethan Pecko,ethan pecko,none,0,,,,
2025,Patrick Reilly,patrick reilly,none,0,,,,
2025,T.J. Nichols,t.j. nichols,none,0,,,,
2025,Jaden Woods,jaden woods,none,0,,,,
2025,Jacob Bresnahan,jacob bresnahan,none,0,,,,
2025,Barrett Kent,barrett kent,none,0,,,,
2025,Tate Kuehner,tate kuehner,none,0,,,,
2025,Junior Ciprian,junior ciprian,none,0,,,,
2025,Ty Weatherly,ty weatherly,none,0,,,,
2025,Joe Whitman,joe whitman,none,0,,,,
2025,Jaden Hamm,jaden hamm,none,0,,,,
2025,Kiefer Lord,kiefer lord,none,0,,,,
2025,Isaiah Coupet,isaiah coupet,none,0,,,,
2025,Jack Mahoney,jack mahoney,none,0,,,,
2025,Jack Mahoney,jack mahoney,none,0,,,,
2025,Josh Hansell,josh hansell,none,0,,,,
2025,James Hicks,james hicks,none,0,,,,
2025,Sean Sullivan,sean sullivan,none,0,,,,
2025,Sean Sullivan,sean sullivan,none,0,,,,
2025,Matt Wilkinson,matt wilkinson,none,0,,,,
2025,Cody Adcock,cody adcock,none,0,,,,
2025,Cale Lansville,cale lansville,none,0,,,,
2025,Nigel Belgrave,nigel belgrave,none,0,,,,
2025,Josh Ekness,josh ekness,none,0,,,,
2025,Kade Morris,kade morris,none,0,,,,
2025,Hayden Mullins,hayden mullins,none,0,,,,
2025,Blake Wehunt,blake wehunt,none,0,,,,
2025,Trey Gibson,trey gibson,none,0,,,,
2025,Thomas White,thomas white,none,0,,,,
2025,Owen Wild,owen wild,none,0,,,,
2025,Jack Wenninger,jack wenninger,none,0,,,,
2025,Patrick Copen,patrick copen,none,0,,,,
2025,Braxton Bragg,braxton bragg,none,0,,,,
2025,Drue Hackenberg,drue hackenberg,none,0,,,,
2025,Garrett Baumann,garrett baumann,none,0,,,,
2025,Landen Maroudis,landen maroudis,none,0,,,,
2025,Juaron Watts-Brown,juaron watts-brown,none,0,,,,
2025,Brett Wichrowski,brett wichrowski,none,0,,,,
2025,Quinn Mathews,quinn mathews,none,0,,,,
2025,Ty Johnson,ty johnson,none,0,,,,
2025,Jackson Nezuh,jackson nezuh,none,0,,,,
2025,Alex Clemmey,alex clemmey,none,0,,,,
2025,George Klassen,george klassen,none,0,,,,
2025,Levi Wells,levi wells,none,0,,,,
2025,Ryan Birchard,ryan birchard,none,0,,,,
2025,Charlee Soto,charlee soto,none,0,,,,
2025,Kai Peterson,kai peterson,none,0,,,,
2025,Sam Knowlton,sam knowlton,none,0,,,,
2025,Jackson Baumeister,jackson baumeister,none,0,,,,
2025,Khristian Curtis,khristian curtis,none,0,,,,
2025,Jojo Ingrassia,jojo ingrassia,none,0,,,,
2025,Michael Forret,michael forret,none,0,,,,
2025,Ben Shields,ben shields,none,0,,,,
2025,Nick Dean,nick dean,none,0,,,,
2025,Zach Fruit,zach fruit,none,0,,,,
2025,Will Sanders,will sanders,none,0,,,,
2025,Drew Dowd,drew dowd,none,0,,,,
2025,Blake Wolters,blake wolters,none,0,,,,
2025,Eriq Swan,eriq swan,none,0,,,,
2025,Brody Hopkins,brody hopkins,none,0,,,,
2025,Nestor German,nestor german,none,0,,,,
2025,Grant Rogers,grant rogers,none,0,,,,
2025,Alonzo Tredwell,alonzo tredwell,none,0,,,,
2025,Bishop Letson,bishop letson,none,0,,,,
2025,Travis Sykora,travis sykora,none,0,,,,
2025,Steven Echavarria,steven echavarria,none,0,,,,
2025,Nazier Mule,nazier mule,none,0,,,,
2025,Cole Schoenwetter,cole schoenwetter,none,0,,,,
2025,Zander Mueth,zander mueth,none,0,,,,
2025,Chris Kean,chris kean,none,0,,,,
2025,Paul Wilson,paul wilson,none,0,,,,
2025,Hyun-Seok Jang,hyun-seok jang,none,0,,,,
2025,Hiro Wyatt,hiro wyatt,none,0,,,,
2025,Adrian Herrera,adrian herrera,none,0,,,,
2025,Trevor Harrison,trevor harrison,none,0,,,,
2025,Jaxon Wiggins,jaxon wiggins,none,0,,,,
2025,Alex Makarewich,alex makarewich,none,0,,,,
2025,Wyatt Crowell,wyatt crowell,none,0,,,,
2025,Branneli Franco,branneli franco,none,0,,,,
2025,Yoel Roque,yoel roque,none,0,,,,
2025,Jose Feliz,jose feliz,none,0,,,,
2025,Kifraidy Encarnacion,kifraidy encarnacion,none,0,,,,
2025,Anderson Brito,anderson brito,none,0,,,,
2025,Luis Maracara,luis maracara,none,0,,,,
2025,Gregory Sanchez,gregory sanchez,none,0,,,,
2025,Yhoiker Fajardo,yhoiker fajardo,none,0,,,,
2025,Reinold Navarro,reinold navarro,none,0,,,,
2025,Manuel Genao,manuel genao,none,0,,,,
2025,Jose Paulino,jose paulino,none,0,,,,
2025,Jose Paulino,jose paulino,none,0,,,,
2025,Esteban Mejia,esteban mejia,none,0,,,,
2025,Esteban Mejia,esteban mejia,none,0,,,,
2025,Manuel Davila,manuel davila,none,0,,,,
2025,Oliver Gonzalez,oliver gonzalez,none,0,,,,
2025,Reiner Lopez,reiner lopez,none,0,,,,
2025,JeanPierre Ortiz,jeanpierre ortiz,none,0,,,,
2025,Sterling Patick,sterling patick,none,0,,,,
2025,Grayson Hitt,grayson hitt,none,0,,,,
2025,Bryan Balzer,bryan balzer,none,0,,,,
2025,Caden Scarborough,caden scarborough,none,0,,,,
2025,Humberto Cruz,humberto cruz,none,0,,,,
2025,Teddy McGraw,teddy mcgraw,none,0,,,,
2025,Hunter Cranton,hunter cranton,none,0,,,,
2025,Fulton Lockhart,fulton lockhart,none,0,,,,
2025,Najer Victor,najer victor,none,0,,,,
2025,Caden Favors,caden favors,none,0,,,,
2025,Omar Montano,omar montano,none,0,,,,
2025,Luke Hayden,luke hayden,none,0,,,,
2025,Pierce George,pierce george,none,0,,,,
2025,Hagen Smith,hagen smith,none,0,,,,
2025,Bryce Mayer,bryce mayer,none,0,,,,
2025,Josh Mallitz,josh mallitz,none,0,,,,
2025,Tyson Neighbors,tyson neighbors,none,0,,,,
2025,Logan Samuels,logan samuels,none,0,,,,
2025,Tyson Hardin,tyson hardin,none,0,,,,
2025,Josh Randall,josh randall,none,0,,,,
2025,Herick Hernandez,herick hernandez,none,0,,,,
2025,Will Watson,will watson,none,0,,,,
2025,Cam Caminiti,cam caminiti,none,0,,,,
2025,Ryan Lambert,ryan lambert,none,0,,,,
2025,Aidan Foeller,aidan foeller,none,0,,,,
2025,Twine Palmer,twine palmer,none,0,,,,
2025,Josh Hartle,josh hartle,none,0,,,,
2025,Frank Elissalt,frank elissalt,none,0,,,,
2025,Cole Hertzler,cole hertzler,none,0,,,,
2025,Brock Moore,brock moore,none,0,,,,
2025,Dylan Ross,dylan ross,none,0,,,,
2025,Ethan Bagwell,ethan bagwell,none,0,,,,
2025,Blake Aita,blake aita,none,0,,,,
2025,Chase Allsup,chase allsup,none,0,,,,
2025,Brooks Auger,brooks auger,none,0,,,,
2025,Drew Beam,drew beam,none,0,,,,
2025,Brody Brecht,brody brecht,none,0,,,,
2025,A.J. Causey,a.j. causey,none,0,,,,
2025,Jurrangelo Cijntje,jurrangelo cijntje,none,0,,,,
2025,Dennis Colleran,dennis colleran,none,0,,,,
2025,Chris Cortez,chris cortez,none,0,,,,
2025,Bryce Cunningham,bryce cunningham,none,0,,,,
2025,Braden Davis,braden davis,none,0,,,,
2025,Nate Dohm,nate dohm,none,0,,,,
2025,Daniel Eagen,daniel eagen,none,0,,,,
2025,Ty Floyd,ty floyd,none,0,,,,
2025,Connor Foley,connor foley,none,0,,,,
2025,Austin Gordon,austin gordon,none,0,,,,
2025,David Hagaman,david hagaman,none,0,,,,
2025,Ben Hess,ben hess,none,0,,,,
2025,Luke Holman,luke holman,none,0,,,,
2025,John Holobetz,john holobetz,none,0,,,,
2025,Lebarron Johnson Jr.,lebarron johnson jr.,none,0,,,,
2025,Gage Jump,gage jump,none,0,,,,
2025,Jackson Kent,jackson kent,none,0,,,,
2025,L.P. Langevin,l.p. langevin,none,0,,,,
2025,Aiden May,aiden may,none,0,,,,
2025,Niko Mazza,niko mazza,none,0,,,,
2025,Matt McShane,matt mcshane,none,0,,,,
2025,Cole Peschl,cole peschl,none,0,,,,
2025,Jonathan Santucci,jonathan santucci,none,0,,,,
2025,Luke Sinnard,luke sinnard,none,0,,,,
2025,Parker Smith,parker smith,none,0,,,,
2025,Khal Stephen,khal stephen,none,0,,,,
2025,Sam Stuhr,sam stuhr,none,0,,,,
2025,Yoel Tejeda Jr.,yoel tejeda jr.,none,0,,,,
2025,Mike Villani,mike villani,none,0,,,,
2025,Jakob Wright,jakob wright,none,0,,,,
2025,Jack Hostetler,jack hostetler,none,0,,,,
2025,Raudy Reyes,raudy reyes,none,0,,,,
2025,Owen Hall,owen hall,none,0,,,,
2025,Ethan Schiefelbein,ethan schiefelbein,none,0,,,,
2025,Levi Sterling,levi sterling,none,0,,,,
2025,Braylon Doughty,braylon doughty,none,0,,,,
2025,Drake George,drake george,none,0,,,,
2025,Logan Tabeling,logan tabeling,none,0,,,,
2025,Bryce Meccage,bryce meccage,none,0,,,,
2025,Dasan Hill,dasan hill,none,0,,,,
2025,Kash Mayfield,kash mayfield,none,0,,,,
2025,Hunter Dryden,hunter dryden,none,0,,,,
2025,Johnny King,johnny king,none,0,,,,
2025,Ryan Sloan,ryan sloan,none,0,,,,
2025,Brandon Clarke,brandon clarke,none,0,,,,
2025,Boston Bateman,boston bateman,none,0,,,,
2025,Brady Smith,brady smith,none,0,,,,
2025,Trey Gregory-Alford,trey gregory-alford,none,0,,,,
2025,Kannon Kemp,kannon kemp,none,0,,,,
2025,Conrad Cason,conrad cason,none,0,,,,
2025,Dylan Jordan,dylan jordan,none,0,,,,
2025,Nate Payne,nate payne,none,0,,,,
2025,Joey Oakie,joey oakie,none,0,,,,
2025,David Shields,david shields,none,0,,,,
2025,Grant Shepardson,grant shepardson,none,0,,,,
2025,Maicol Reyes,maicol reyes,none,0,,,,
2025,Enyel Lopez,enyel lopez,none,0,,,,
2025,Chase Mobley,chase mobley,none,0,,,,
2025,Cole Miller,cole miller,none,0,,,,
2025,Kevin Defrank,kevin defrank,none,0,,,,
2025,Carlos Alvarez,carlos alvarez,none,0,,,,
2025,Sadbiel Delzine,sadbiel delzine,none,0,,,,
2025,Adrian  Pena,adrian pena,none,0,,,,
2025,Santiago Castellanos,santiago castellanos,none,0,,,,
2025,Pedro Montero,pedro montero,none,0,,,,
2025,Eiver Mosquera,eiver mosquera,none,0,,,,
